{
  "checkpoints": [
    "{\n  \"stub\": false,\n  \"trainable_name\": \"PPO\",\n  \"trial_id\": \"eca2b_00000\",\n  \"config\": {\n    \"env\": \"warehouse-discretization\",\n    \"env_config\": {\n      \"STEPS_PER_EPISODE\": 40,\n      \"ACTION_RANGE\": 220,\n      \"DT\": 1.0,\n      \"SAFETY_DISTANCE\": 0.05,\n      \"REWARD\": {\n        \"TIMESTEP_PENALTY_COEFFICIENT\": 0.05,\n        \"REWARD_COEFFICIENT\": 5.0,\n        \"GOAL\": 50.0,\n        \"COLLISION\": -20.0\n      },\n      \"LEVELS\": {\n        \"1\": {\n          \"HEIGHT\": 15.0,\n          \"WIDTH\": 15.0,\n          \"AGENT\": {\n            \"x\": 1.0,\n            \"y\": 1.0,\n            \"angle\": 90.0,\n            \"step_size\": 1.0,\n            \"radius\": 0.4\n          },\n          \"GOAL\": {\n            \"x\": 12.0,\n            \"y\": 12.0,\n            \"radius\": 0.5\n          },\n          \"OBSTACLES\": {}\n        }\n      },\n      \"RANDOM_SEED\": 45\n    },\n    \"env_task_fn\": {\n      \"_type\": \"CLOUDPICKLE_FALLBACK\",\n      \"value\": \"8005951d000000000000008c077372632e72756e948c0d637572726963756c756d5f666e9493942e\"\n    },\n    \"framework\": \"torch\",\n    \"num_gpus\": 0,\n    \"num_workers\": 2,\n    \"callbacks\": {\n      \"_type\": \"CLOUDPICKLE_FALLBACK\",\n      \"value\": \"8005953e000000000000008c207372632e656e76732e637573746f6d5f6d6574726963735f63616c6c6261636b948c15437573746f6d4d65747269637343616c6c6261636b9493942e\"\n    },\n    \"clip_param\": 0.32020879403784325,\n    \"vf_clip_param\": 9.51454557901799,\n    \"vf_loss_coeff\": 1.0999248606848007,\n    \"entropy_coeff\": 3.410414154803943e-05,\n    \"lr\": 0.0001593005594719595,\n    \"lambda\": 0.8949171350238471,\n    \"sgd_minibatch_size\": 107,\n    \"num_sgd_iter\": 8,\n    \"train_batch_size\": 3864,\n    \"model\": {\n      \"fcnet_hiddens\": [\n        128,\n        128\n      ]\n    },\n    \"seed\": 45\n  },\n  \"local_dir\": \"/Users/tim/Documents/Universita\\u0308t-Mannheim/Masterarbeit/Experiment/Implementation/results/experiment_1\",\n  \"evaluated_params\": {},\n  \"experiment_tag\": \"0\",\n  \"location\": {\n    \"_type\": \"CLOUDPICKLE_FALLBACK\",\n    \"value\": \"80059546000000000000008c197261792e74756e652e6578706572696d656e742e747269616c948c095f4c6f636174696f6e9493942981947d94288c08686f73746e616d65944e8c03706964944e75622e\"\n  },\n  \"placement_group_factory\": \"800595c7000000000000008c237261792e74756e652e657865637574696f6e2e706c6163656d656e745f67726f757073948c15506c6163656d656e7447726f7570466163746f72799493942981947d94288c085f62756e646c6573945d94287d948c0343505594473ff0000000000000737d946808473ff0000000000000737d946808473ff000000000000073658c155f686561645f62756e646c655f69735f656d70747994898c095f7374726174656779948c045041434b948c055f6172677394298c075f6b7761726773947d9475622e\",\n  \"stopping_criterion\": {\n    \"num_env_steps_trained\": 50000\n  },\n  \"log_to_file\": [\n    null,\n    null\n  ],\n  \"max_failures\": 0,\n  \"_last_result\": {},\n  \"_default_result_or_future\": null,\n  \"last_update_time\": -Infinity,\n  \"metric_analysis\": {},\n  \"n_steps\": [\n    5,\n    10\n  ],\n  \"metric_n_steps\": {},\n  \"export_formats\": [],\n  \"status\": \"RUNNING\",\n  \"start_time\": 1676042202.91999,\n  \"relative_logdir\": \"PPO_warehouse-discretization_eca2b_00000_0_2023-02-10_16-16-42\",\n  \"runner\": null,\n  \"last_debug\": 0,\n  \"error_filename\": null,\n  \"pickled_error_filename\": null,\n  \"trial_name_creator\": null,\n  \"trial_dirname_creator\": null,\n  \"custom_trial_name\": null,\n  \"custom_dirname\": null,\n  \"experiment_dir_name\": \"experiment_1\",\n  \"saving_to\": null,\n  \"sync_config\": {\n    \"_type\": \"CLOUDPICKLE_FALLBACK\",\n    \"value\": \"80059581000000000000008c0f7261792e74756e652e73796e636572948c0a53796e63436f6e6669679493942981947d94288c0a75706c6f61645f646972944e8c0673796e636572948c046175746f948c1273796e635f6f6e5f636865636b706f696e7494888c0b73796e635f706572696f64944d2c018c0c73796e635f74696d656f7574944d080775622e\"\n  },\n  \"custom_syncer\": null,\n  \"checkpoint_config\": {\n    \"_type\": \"CLOUDPICKLE_FALLBACK\",\n    \"value\": \"800595bd000000000000008c0e7261792e6169722e636f6e666967948c10436865636b706f696e74436f6e6669679493942981947d94288c0b6e756d5f746f5f6b656570944e8c1a636865636b706f696e745f73636f72655f617474726962757465948c12747261696e696e675f697465726174696f6e948c16636865636b706f696e745f73636f72655f6f72646572948c036d6178948c14636865636b706f696e745f6672657175656e6379944b008c11636865636b706f696e745f61745f656e64948875622e\"\n  },\n  \"checkpoint_manager\": {\n    \"_type\": \"CLOUDPICKLE_FALLBACK\",\n    \"value\": \"80059587020000000000008c257261792e74756e652e657865637574696f6e2e636865636b706f696e745f6d616e61676572948c125f436865636b706f696e744d616e616765729493942981947d94288c145f636865636b706f696e745f7374726174656779948c0e7261792e6169722e636f6e666967948c10436865636b706f696e74436f6e6669679493942981947d94288c0b6e756d5f746f5f6b656570944e8c1a636865636b706f696e745f73636f72655f617474726962757465948c12747261696e696e675f697465726174696f6e948c16636865636b706f696e745f73636f72655f6f72646572948c036d6178948c14636865636b706f696e745f6672657175656e6379944b008c11636865636b706f696e745f61745f656e64948875628c155f6c61746573745f636865636b706f696e745f6964944b008c1a5f746f705f7065727369737465645f636865636b706f696e7473945d948c1a5f626573745f7065727369737465645f636865636b706f696e74944e8c1c5f6c61746573745f7065727369737465645f636865636b706f696e74944e8c195f6c61746573745f6d656d6f72795f636865636b706f696e74944e8c185f636865636b706f696e74735f746f5f636c65616e5f7570948f948c195f6e65776573745f6d656d6f72795f636865636b706f696e74948c247261792e6169722e5f696e7465726e616c2e636865636b706f696e745f6d616e61676572948c125f547261636b6564436865636b706f696e749493942981947d94288c0b6469725f6f725f64617461944e8c026964944e8c0c73746f726167655f6d6f646594681b8c11436865636b706f696e7453746f726167659493944b01859452948c076d657472696373947d948c076e6f64655f6970944e756275622e\"\n  },\n  \"restore_path\": null,\n  \"restoring_from\": null,\n  \"num_failures\": 0,\n  \"num_restore_failures\": 0,\n  \"results\": \"80054e2e\",\n  \"best_result\": \"80054e2e\",\n  \"param_config\": \"80054e2e\",\n  \"extra_arg\": \"80054e2e\",\n  \"_state_json\": null,\n  \"_state_valid\": false,\n  \"__relative_checkpoint_dirs\": []\n}"
  ],
  "runner_data": {
    "_insufficient_resources_manager": {
      "_type": "CLOUDPICKLE_FALLBACK",
      "value": "80059596000000000000008c317261792e74756e652e657865637574696f6e2e696e73756666696369656e745f7265736f75726365735f6d616e61676572948c1d5f496e73756666696369656e745265736f75726365734d616e616765729493942981947d94288c185f6e6f5f72756e6e696e675f747269616c735f73696e6365944affffffff8c0f5f6c6173745f747269616c5f6e756d944affffffff75622e"
    },
    "_max_pending_trials": 16,
    "_metric": null,
    "_total_time": 0,
    "_iteration": 0,
    "_has_errored": false,
    "_fail_fast": false,
    "_print_trial_errors": true,
    "_server_port": null,
    "_cached_trial_decisions": {},
    "_queued_trial_decisions": {},
    "_should_stop_experiment": false,
    "_local_checkpoint_dir": "/Users/tim/Documents/Universita\u0308t-Mannheim/Masterarbeit/Experiment/Implementation/results/experiment_1",
    "_remote_checkpoint_dir": null,
    "_stopper": {
      "_type": "CLOUDPICKLE_FALLBACK",
      "value": "8005952c000000000000008c157261792e74756e652e73746f707065722e6e6f6f70948c0b4e6f6f7053746f707065729493942981942e"
    },
    "_resumed": false,
    "_start_time": 1676042202.617812,
    "_last_checkpoint_time": -Infinity,
    "_session_str": "2023-02-10_16-16-42",
    "checkpoint_file": "/Users/tim/Documents/Universita\u0308t-Mannheim/Masterarbeit/Experiment/Implementation/results/experiment_1/experiment_state-2023-02-10_16-16-42.json",
    "_checkpoint_period": "auto",
    "_trial_checkpoint_config": {
      "_type": "CLOUDPICKLE_FALLBACK",